stromal_state	n	mean_nuclei_count	mean_nuclei_density	mean_nuclear_area_fraction	mean_nucleus_area	mean_entropy	mean_edge_density	mean_intensity
large-nucleus stroma	178	75.49438202247191	0.001504591478445261	0.2577829411258885	180.09792912889444	4.667675053391678	0.09999867880789955	147.24220679537615
cellular stroma	123	87.4308943089431	0.0017424843412974463	0.16689561685954865	97.79083255356444	5.033071904169267	0.1000027869379459	169.63126218475196
matrix-like stroma	120	54.40833333333333	0.0010843497555271667	0.10145853263180268	95.26283293887768	4.904740054845977	0.10000332164115645	183.37306841030684
