centre_label	ADI	BACK	DEB	LYM	MUC	MUS	NORM	STR	TUM
ADI	2.3941829702064017	-6.509372532023874	-9.889648009009512	-10.792137739216018	-3.898985659302151	-10.693309796026044	-4.788192260964507	-7.879958615982548	-4.970000767400337
BACK	-11.209812250164966	3.0794046994098476	-9.23088513971562	-7.811036971168302	-9.254580704844528	-10.034170552657594	-9.357770226490548	-9.542952360862259	-6.568396846313518
DEB	-9.889648009009512	-9.23088513971562	4.233802926859978	-5.35438082840113	-3.453556643601572	-0.8447894920106527	-3.2834526397037958	-1.538270398961587	-3.3289287061073303
LYM	-8.470209644328657	-10.132965066055664	-6.228849946317271	3.4211532333737136	-7.836966058449975	-9.616753601178647	-2.7504358643203313	-6.125722840914617	-2.264910770872118
MUC	-2.5447021911024037	-5.084655703402215	-4.0602142154220475	-8.421928559171132	2.5811329543492696	-1.863685882715381	-1.829783775822768	-1.798374910425731	-2.4953392622349333
MUS	-10.693309796026044	-10.034170552657594	-2.2888894568919596	-9.616753601178646	-2.257028310894906	3.254316275196002	-1.6615698452056331	0.9939595486763199	-2.8819917186468067
NORM	-4.994643138431933	-10.357770226490548	-4.453377641146108	-3.0333698275918297	-2.675223845127377	-2.5560767163583193	2.8757643428777775	-1.0284124730082171	-0.11780520618588901
STR	-8.616924210148754	-9.542952360862259	-1.7012089700877926	-5.540760340193461	-2.0438953525717496	1.3139423740238074	-0.41076135358088633	3.2176860856686207	-0.5275796464056564
TUM	-5.1366506368097875	-11.091958802370531	-5.86498160634754	-2.303614300202602	-3.2672934695251397	-2.998049848110383	-0.113712451552006	-1.171196364847623	2.2718962047869247
