group	nuclei_count	mean_nucleus_area	nuclear_area_fraction	entropy	mean_intensity
core	44.36	437.2191185653324	0.36915646922831624	4.993392995566888	149.66540304793793
interface	75.72	220.3319391571102	0.2999952168367347	4.887328351664633	151.5083622316114
